,ISIN,Name,Ticker,Tick table ID -  UTP system,Tick table ID -  Regulation,"Change tick table from April 20, 2023"
,AT0000827209,WARIMPEX,WXF,8,1,Yes
,AT0000A21KS2,IIAAV,IIA,10,3,Yes
,AU0000198939,GREENX,GRX,10,3,No
,BG1100018057,ICPD,ICD,8,1,Yes
,BG1100114062,EUROHOLD,EHG,8,1,Yes
,BG11SOSOBT18,SOPHARMA,SPH,9,2,Yes
,CY0101062111,AGROTON,AGT,9,2,Yes
,CY0101452114,AGROLIGA,AGL,9,2,No
,CY0102492119,KDMSHIPNG,KDM,13,6,No
,CY0103021610,CEREALPLT,CRP,8,1,No
,CY1000031710,ASBIS,ASB,11,4,No
,CZ0005112300,CEZ,CEZ,11,4,No
,DE0005190003,BMW,BMW,13,6,No
,DE0007100000,MERCEDES,MBG,13,6,No
,DE0007236101,SIEMENS,SIE,13,6,No
,DE0007664039,VOLKSWAGEN,VOW,13,6,No
,DE0008404005,ALLIANZ,ALV,13,6,No
,DE000A2E3772,SLEEPZAG,SLZ,8,1,No
,EE3100001751,SILVANO,SFG,10,3,Yes
,EE3100063686,ATLANTIS,ATS,9,2,No
,EE3100065392,IFCAPITAL,IFC,9,2,No
,EE3100099391,IFSA,IFR,9,2,No
,EE3100100835,FON,FON,8,1,No
,EE3100126368,CITYSERV,CTS,8,1,Yes
,EE3100142985,RESBUD,RES,9,2,No
,ES0105375002,AMREST,EAT,10,3,No
,ES0113900J37,SANTANDER,SAN,13,6,No
,ES0148396007,INDITEX,ITX,13,6,No
,FR0000060873,MBWS,MBW,9,2,No
,GB00B42V2T10,AERFINANC,AER,8,1,No
,HU0000089198,ESTAR,EST,8,1,Yes
,HU0000153937,MOL,MOL,11,4,No
,IT0005239360,UNICREDIT,UCG,13,6,No
,JE00BNNMKT29,SERINUS,SEN,10,3,Yes
,LT0000128621,INTERAOLT,IRL,9,2,Yes
,LT0000131872,NOVATURAS,NTU,9,2,Yes
,LU0122624777,ORCOGROUP,OPG,8,1,Yes
,LU0252633754,ETFDAX,,13,6,No
,LU0327357389,KERNEL,KER,11,4,No
,LU0496786574,ETFSP500,,13,6,No
,LU0564351582,SADOVAYA,SGR,8,1,No
,LU0607203980,IMCOMPANY,IMC,9,2,No
,LU0611262873,KSGAGRO,KSG,9,2,Yes
,LU0646112838,COALENERG,CLE,10,3,No
,LU2237380790,ALLEGRO,ALE,13,6,No
,NL0000686509,ASTARTA,AST,10,3,No
,NL0009508712,MILKILAND,MLK,10,3,No
,NL0009805613,OVOSTAR,OVO,8,1,No
,NL0010391108,PHOTON,PEN,10,3,Yes
,NL0011882741,PLAZACNTR,PLZ,9,2,Yes
,NL0015000AU7,PEPCO,PCO,11,4,No
,PL11BTS00015,11BIT,11B,10,3,No
,PL2INTC00018,MILISYS,MLM,9,2,Yes
,PL4FNMD00013,DIGITANET,DIG,9,2,No
,PL4MASS00011,4MASS,4MS,10,3,No
,PL71MDA00018,PREFAGRP,PFG,8,1,Yes
,PL7LVLS00017,7LEVELS,7LV,8,1,No
,PLA295700027,INCUVO,IVO,9,2,No
,PLA319800019,IRONWOLF,IWS,8,1,Yes
,PLA340200015,BIGCHEESE,BCS,9,2,No
,PLA346100011,MADMIND,MMS,9,2,Yes
,PLA346500012,BEEIN,BEE,9,2,No
,PLA348700016,ROAD,RST,9,2,No
,PLA351100013,ZENERIS,ZEN,9,2,No
,PLAB00000019,ABPL,ABE,9,2,Yes
,PLABAK000013,ABAK,ABK,9,2,Yes
,PLABNET00019,GARIN,GAR,8,1,No
,PLABS0000018,ASSECOBS,ABS,9,2,No
,PLABSIN00012,ABSINVEST,AIN,8,1,Yes
,PLACKRM00010,WAT,WAT,9,2,No
,PLACREO00019,YOSHI,YOS,9,2,No
,PLACRTS00018,ACARTUS,ACA,8,1,Yes
,PLACSA000014,ACAUTOGAZ,ACG,9,2,No
,PLACTIN00018,ACTION,ACT,10,3,No
,PLADDRG00015,MANYDEV,MAN,8,1,Yes
,PLADMSC00013,ADVERTIGO,AVE,8,1,Yes
,PLADMSV00013,MERLINGRP,MRG,9,2,No
,PLADVGP00011,GRAPHENE,GPH,9,2,Yes
,PLADVIV00015,ADIUVO,ADV,9,2,No
,PLADVPL00029,SATIS,STS,9,2,Yes
,PLAGORA00067,AGORA,AGO,9,2,Yes
,PLAGRIN00013,ARI,ARI,8,1,No
,PLAGRMP00010,AGROMEP,AGP,8,1,No
,PLAGRTR00011,REMORSOL,RSP,9,2,No
,PLAIRMK00017,MOLIERA2,MO2,9,2,No
,PLAIRWY00017,AIRWAY,AWM,10,3,No
,PLAKCFN00013,AKCEPTFIN,AFC,8,1,No
,PLALDA000010,UNIVERSE,UNV,8,1,No
,PLALIOR00045,ALIOR,ALR,12,5,No
,PLALMTL00023,ALUMETAL,AML,10,3,No
,PLAMBRA00013,AMBRA,AMB,9,2,Yes
,PLAMICA00010,AMICA,AMC,10,3,No
,PLAMPLI00019,AMPLI,APL,8,1,No
,PLANMD000014,POLARISIT,PIT,9,2,No
,PLANSWR00019,ANSWEAR,ANR,9,2,Yes
,PLAPANT00017,APANET,APA,8,1,Yes
,PLAPATR00018,APATOR,APT,9,2,Yes
,PLAPLS000016,APLISENS,APN,8,1,No
,PLAPNPS00017,PROMISE,PRO,8,1,No
,PLAPSEN00011,APSENERGY,APE,9,2,No
,PLAQA0000014,AQUAPOZ,AQA,8,1,Yes
,PLAQTCH00013,AQUATECH,AQT,9,2,No
,PLAQUA000014,AQUABB,AQU,8,1,No
,PLARHCM00016,ARCHICOM,ARH,9,2,No
,PLARIEL00046,WINVEST,WIS,8,1,No
,PLARTBM00013,LUDUS,LUD,9,2,No
,PLARTER00016,ARTERIA,ARR,8,1,Yes
,PLARTFX00011,ARTIFEX,ART,9,2,No
,PLARTGS00019,ARTGAMES,ARG,9,2,Yes
,PLARTPR00012,ARCTIC,ATC,10,3,No
,PLASMDV00013,ASMODEV,AMV,8,1,Yes
,PLASMGR00014,ASMGROUP,ASM,8,1,No
,PLASMOT00030,TRITON,TRI,8,1,No
,PLASSEE00014,ASSECOSEE,ASE,9,2,No
,PLASTRO00013,ASTRO,ASR,8,1,Yes
,PLATAL000046,ATAL,1AT,9,2,No
,PLATCDL00013,AITON,AIT,8,1,Yes
,PLATCRG00013,ATCCARGO,ATA,9,2,No
,PLATLPL00018,ATLANTAPL,ATP,8,1,Yes
,PLATM0000021,ATMGRUPA,ATG,9,2,No
,PLATMCJ00018,ATOMJELLY,ATJ,9,2,No
,PLATMSI00016,ATENDE,ATD,9,2,Yes
,PLATNHT00014,ATONHT,ATO,8,1,Yes
,PLATPRT00018,AUTOPARTN,APR,10,3,No
,PLATREM00017,ATREM,ATR,9,2,No
,PLATTFI00018,ALTUS,ALI,8,1,Yes
,PLAUXLM00026,DSTREAM,DOW,9,2,No
,PLAXILA00018,AUXILIA,AUX,8,1,No
,PLAZTEC00011,AZTEC,AZC,8,1,No
,PLBABY000016,NOVINA,NOV,9,2,No
,PLBAUMA00017,ULMA,ULM,8,1,Yes
,PLBBCLS00017,EKIPA,EEE,9,2,Yes
,PLBCLTX00019,BIOCELTIX,BCX,9,2,No
,PLBEFSN00010,PBSFINANSE,PBF,8,1,No
,PLBEST000010,BEST,BST,8,1,No
,PLBETF400025,ETFBM40TR,,13,6,No
,PLBETFN00018,ETFBNDXPL,,13,6,No
,PLBETFS00017,ETFBSPXPL,,13,6,No
,PLBETMX00013,BETOMAX,BTX,8,1,No
,PLBETWT00010,ETFBWTECH,,13,6,No
,PLBEW2L00019,ETFBW20LV,,13,6,No
,PLBFCTR00013,BIOFACTOR,BFC,8,1,No
,PLBGZ0000010,BNPPPL,BNP,9,2,No
,PLBH00000012,HANDLOWY,BHW,10,3,No
,PLBIG0000016,MILLENNIUM,MIL,11,4,No
,PLBIOGN00018,BIOGENED,BGD,8,1,No
,PLBIOMD00017,APOLLO,APC,8,1,Yes
,PLBIOMX00015,BIOMAXIMA,BMX,10,3,No
,PLBIOPL00013,BIOPLANET,BIP,8,1,Yes
,PLBIORG00019,BIOERG,BER,9,2,No
,PLBIOTN00029,BIOTON,BIO,10,3,No
,PLBKDGM00019,BKDGAMES,BKD,9,2,Yes
,PLBLKPC00014,BPC,BPC,8,1,Yes
,PLBLKPT00018,BLACKPOIN,BPN,8,1,No
,PLBLMPI00017,SAULETECH,SLT,9,2,Yes
,PLBLOBR00014,BLOOBER,BLO,10,3,No
,PLBLOCM00013,CANNABIS,CBD,10,3,No
,PLBLRSP00015,BLACKROSE,BRP,9,2,No
,PLBLT0000013,BALTICON,BLT,8,1,Yes
,PLBLTXG00010,BLUETAX,BTG,8,1,No
,PLBMBIT00010,BOOMBIT,BBT,9,2,Yes
,PLBMDLB00018,BIOMEDLUB,BML,11,4,Yes
,PLBMECH00012,BUMECH,BMC,11,4,No
,PLBMRNG00013,PARCELTEC,PTE,8,1,Yes
,PLBMSEP00011,BIOMASS,BEP,10,3,No
,PLBNFTS00018,BENEFIT,BFT,9,2,No
,PLBNRHL00013,BINARY,BHX,8,1,Yes
,PLBOS0000019,BOS,BOS,10,3,No
,PLBOWM000019,BOWIM,BOW,10,3,No
,PLBRE0000012,MBANK,MBK,12,5,Yes
,PLBRLNG00015,BERLING,BRG,8,1,No
,PLBRN2400013,BRAND24,B24,9,2,No
,PLBRSLH00012,BSH,BSH,13,6,No
,PLBRSTR00014,BRASTER,BRA,9,2,Yes
,PLBRSZW00011,BORYSZEW,BRS,10,3,No
,PLBRTZM00010,HUBTECH,HUB,10,3,No
,PLBRWRG00013,CZARNKOW,BRO,8,1,Yes
,PLBSK0000017,INGBSK,ING,10,3,No
,PLBSWTR00014,ETFBS80TR,,13,6,No
,PLBTBSP00012,ETFBTBSP,,13,6,No
,PLBTCOM00016,BETACOM,BCM,8,1,No
,PLBTETF00015,ETFBW20TR,,13,6,No
,PLBTEVL00019,CODEADDIC,CDT,8,1,Yes
,PLBUDMX00013,BUDIMEX,BDX,10,3,No
,PLBVTSA00012,BVT,BVT,9,2,No
,PLBZ00000044,SANPL,SPL,11,4,No
,PLBZTKN00013,BIZTECH,BTK,8,1,Yes
,PLCAMMD00032,LARQ,LRQ,8,1,Yes
,PLCCC0000016,CCC,CCC,12,5,No
,PLCCHT000014,ESHOPPING,ESG,8,1,No
,PLCCS0000012,CCS,CCS,8,1,No
,PLCCTLS00017,LABOCANNA,LCN,9,2,Yes
,PLCDA0000018,CDA,CDA,8,1,Yes
,PLCDE0000010,INVENTION,INM,9,2,Yes
,PLCDRL000043,CDRL,CDL,8,1,Yes
,PLCELPD00013,CELTIC,CPD,9,2,No
,PLCFBPS00019,CFSA,CFS,8,1,No
,PLCFRPT00013,CYFRPLSAT,CPS,12,5,Yes
,PLCHRPK00018,CHERRY,CHP,9,2,No
,PLCIECH00018,CIECH,CIE,10,3,Yes
,PLCLDTC00019,CLOUD,CLD,9,2,No
,PLCLNPH00015,CLNPHARMA,CLN,10,3,No
,PLCMINT00013,CMI,CMI,8,1,No
,PLCMP0000017,COMP,CMP,9,2,No
,PLCMPLD00016,SYGNITY,SGN,9,2,No
,PLCMPRS00011,ROOFRENOV,RRH,8,1,No
,PLCMRAY00029,CORMAY,CRM,9,2,Yes
,PLCNSLB00012,CONSOLE,CLA,8,1,Yes
,PLCNSTC00013,CONSTANCE,CCR,8,1,No
,PLCNTSL00014,COGNOR,COG,10,3,No
,PLCOMAR00012,COMARCH,CMR,9,2,Yes
,PLCOMEC00016,COMECO,CMC,9,2,No
,PLCOMPR00010,COMPERIA,CPL,8,1,No
,PLCPPRK00037,CPGROUP,CPG,8,1,Yes
,PLCPRSC00012,COPERNIC,CRS,8,1,Yes
,PLCPTLP00015,CAPITAL,CPA,8,1,No
,PLCPTRT00014,CAPTORTX,CTX,9,2,No
,PLCRBON00018,ARENAPL,ARE,8,1,Yes
,PLCRBST00016,CARBONSTU,CRB,9,2,No
,PLCRFRG00016,CFG,CFG,9,2,No
,PLCRLNS00018,ZORTRAX,ZRX,9,2,No
,PLCRPCP00034,CARPATHIA,CRC,8,1,Yes
,PLCRPJR00019,CREEPYJAR,CRJ,10,3,No
,PLCRTCH00017,CREOTECH,CRI,9,2,Yes
,PLCRTCP00010,EMTASIA,EMA,9,2,No
,PLCRWTR00022,CZTOREBKA,CZT,8,1,No
,PLCSPAM00017,CASPAR,CSR,8,1,No
,PLCSYSA00016,OZECAPITAL,OZE,9,2,Yes
,PLCTINT00018,CIGAMES,CIG,10,3,No
,PLCVTNH00040,CAVATINA,CAV,9,2,No
,PLCWA0000018,MTENERGIA,MTE,9,2,No
,PLDADEL00013,DADELO,DAD,9,2,No
,PLDANKS00014,DANKS,DNS,8,1,No
,PLDBBGR00017,GREENENER,GRE,8,1,No
,PLDBENR00017,DBENERGY,DBE,9,2,No
,PLDEBCA00016,DEBICA,DBC,9,2,No
,PLDECOR00013,DECORA,DCR,9,2,No
,PLDEKPL00032,DEKPOL,DEK,9,2,No
,PLDELKO00019,DELKO,DEL,9,2,No
,PLDGA0000019,DGA,DGA,8,1,No
,PLDGNET00012,DGNET,DGN,8,1,No
,PLDGTAV00013,ICECODE,ICG,9,2,No
,PLDINPL00011,DINOPL,DNP,12,5,No
,PLDKTRA00013,DEKTRA,DKR,8,1,No
,PLDLITY00010,DUALITY,DUA,9,2,No
,PLDMDVL00012,DOMDEV,DOM,10,3,No
,PLDMNMN00016,BTCSTUDIO,BTC,8,1,Yes
,PLDNTMD00012,EKOOZE,EKE,8,1,No
,PLDOOK000019,DOOK,DOK,8,1,No
,PLDRD2400010,DRFINANCE,DRF,8,1,Yes
,PLDRG0000013,DRAGOENT,DGE,9,2,Yes
,PLDRGGM00013,DRAGEUS,DRG,8,1,No
,PLDRKND00010,SHEEPYARD,SHY,8,1,No
,PLDRZPL00032,DROZAPOL,DPL,9,2,No
,PLDTBRK00037,UNIFIED,UFC,8,1,No
,PLDTLGM00019,DETGAMES,DEG,8,1,Yes
,PLDUDA000016,GOBARTO,GOB,9,2,Yes
,PLEBCSL00011,HEMP,HMP,9,2,Yes
,PLEC20000010,SEDIVIO,SED,9,2,No
,PLEC5TH00024,ECO5TECH,ECT,10,3,No
,PLECBDZ00013,BEDZIN,BDZ,8,1,No
,PLECCGM00012,ECCGAMES,ECC,9,2,No
,PLECHPS00019,ECHO,ECH,9,2,Yes
,PLECMNG00019,NTCAPITAL,NTC,9,2,No
,PLEDINV00014,EDINVEST,EDI,8,1,Yes
,PLEDSON00018,EDISON,EDN,8,1,Yes
,PLEENRG00014,FALCON,FLG,8,1,No
,PLEFEKT00018,EFEKT,EFK,8,1,No
,PLEKEP000019,EKOEXPORT,EEX,9,2,No
,PLEKOBX00018,EKOBOX,EBX,8,1,Yes
,PLEKOSK00019,EKIOSK,EKS,8,1,No
,PLEKPLG00019,EKOPOL,EGH,9,2,No
,PLEKTRM00016,EMONT,ELM,9,2,Yes
,PLELEKT00016,ELEKTROTI,ELT,10,3,Yes
,PLELKOP00013,ELKOP,EKP,9,2,Yes
,PLELKPE00014,GENRG,GNG,8,1,Yes
,PLELPO000016,WIKANA,WIK,8,1,Yes
,PLELZAB00010,ELZAB,ELZ,8,1,Yes
,PLEMCIM00017,EMCINSMED,EMC,8,1,No
,PLEMPCT00017,EMPLOCITY,EMP,9,2,No
,PLEMZKA00019,EMUZYKA,EMU,8,1,No
,PLENAP000010,ENAP,ENP,8,1,No
,PLENEA000013,ENEA,ENA,11,4,No
,PLENERG00022,ENERGA,ENG,9,2,No
,PLENLMD00017,ENELMED,ENE,8,1,No
,PLENTER00017,ENTER,ENT,9,2,No
,PLEONTW00016,EONET,EON,8,1,No
,PLERBUD00012,ERBUD,ERB,9,2,Yes
,PLERGIN00015,ENERGOINS,ENI,8,1,Yes
,PLERGPL00014,CNT,CNT,8,1,Yes
,PLERGZB00014,ERG,ERG,8,1,No
,PLERPCO00017,EUCO,EUC,9,2,No
,PLERSNK00016,EUROSNACK,ECK,8,1,No
,PLERTEL00011,EUROTEL,ETL,9,2,No
,PLESCLL00010,EASYCALL,ECL,8,1,Yes
,PLESKMS00016,ESKIMOS,ESK,8,1,No
,PLESLTN00010,4MOBILITY,4MB,8,1,No
,PLESTHN00018,ESOTIQ,EAH,9,2,No
,PLEURCH00011,EUROCASH,EUR,11,4,No
,PLEURTX00012,EUROTAX,ETX,8,1,No
,PLEXCLN00016,EXCELLENC,EXC,9,2,Yes
,PLEXIM000013,EXIMIT,EXM,8,1,No
,PLEXMBL00010,EXAMOBILE,EXA,8,1,No
,PLFAMUR00012,GRENEVIA,GEA,10,3,Yes
,PLFBRD000018,LOKATYBUD,LBD,8,1,No
,PLFEERM00018,FEERUM,FEE,8,1,No
,PLFERRO00016,FERRO,FRO,9,2,No
,PLFERUM00014,FERRUM,FER,8,1,No
,PLFHDOM00010,FHDOM,FHD,8,1,No
,PLFKDRW00016,FABRYKAKD,FKD,8,1,No
,PLFORTE00012,FORTE,FTE,9,2,No
,PLFRENT00014,FOREVEREN,FOR,9,2,Yes
,PLFRMGR00015,FARM51,F51,10,3,No
,PLFRPST00019,FORPOSTA,FPO,8,1,Yes
,PLFRZNW00013,FROZENWAY,FRW,13,6,No
,PLFSING00010,FASING,FSG,9,2,No
,PLFSTFC00012,FASTFIN,FFI,8,1,No
,PLFTPRF00016,DITIX,DTX,9,2,No
,PLGALVO00017,GALVO,GAL,8,1,No
,PLGDVIS00018,LETUS,LET,8,1,Yes
,PLGENXN00013,GENXONE,GX1,9,2,Yes
,PLGEOTR00010,GEOTRANS,GTS,9,2,Yes
,PLGKS0000016,GKSKAT,GKS,8,1,No
,PLGLBLC00011,GLCOSMED,GLC,9,2,Yes
,PLGMNGF00017,GAMFACTOR,GIF,9,2,No
,PLGMSBX00010,GAMESBOX,GMB,9,2,No
,PLGMSOP00019,GAMEOPS,GOP,9,2,No
,PLGMV0000016,GAMIVO,GMV,8,1,Yes
,PLGNMTC00017,GENOMTEC,GMT,9,2,Yes
,PLGNOMD00024,GENOMED,GEN,8,1,No
,PLGOLAB00019,GOLAB,GOL,8,1,No
,PLGOTFI00016,GOTFI,GTF,8,1,No
,PLGPPIK00011,FIGENE,FIG,8,1,Yes
,PLGPW0000017,GPW,GPW,11,4,No
,PLGRHRC00012,GRUPAHRC,HRC,8,1,Yes
,PLGRMID00019,GRMEDIA,GME,8,1,No
,PLGRMNK00014,MENNICASK,MNS,9,2,Yes
,PLGRMPC00016,GREMPCO,GRM,8,1,Yes
,PLGRNKT00019,3RGAMES,3RG,9,2,No
,PLGRODN00015,GRODNO,GRN,10,3,No
,PLGRPRC00015,GRUPRACUJ,GPP,10,3,No
,PLGSPR000014,GETIN,GTN,10,3,No
,PLGTBCK00297,GETBACK,GBK,8,1,No
,PLGTC0000037,GTC,GTC,9,2,No
,PLGTRMP00010,GEOTERM,GTP,8,1,No
,PLGTRNT00010,GTRINITY,GTY,8,1,No
,PLGUARD00019,PCGUARD,PCG,8,1,No
,PLGURDR00013,PFMEDICAL,PFM,8,1,No
,PLGVNLT00019,GOVENA,GOV,9,2,No
,PLHCKLG00010,NEURONE,NRS,8,1,No
,PLHDRAP00017,HYDRAPRES,HPS,8,1,No
,PLHDRGM00011,HYDRA,HYD,8,1,No
,PLHDRTR00013,HYDROTOR,HDR,8,1,Yes
,PLHELIO00014,HELIO,HEL,8,1,No
,PLHMINW00016,HMINWEST,HMI,9,2,No
,PLHMSG000019,APIS,ASA,9,2,Yes
,PLHOGA000041,WASKO,WAS,9,2,No
,PLHOLWD00017,HOLLYWOOD,HLD,8,1,No
,PLHOTB000011,CARLSON,CAI,9,2,No
,PLHPRMN00037,HIPROMINE,HPM,9,2,No
,PLHRDEX00021,STARHEDGE,SHG,8,1,Yes
,PLHRPHG00023,HARPER,HRP,9,2,Yes
,PLHRTIC00014,HORTICO,HOR,8,1,Yes
,PLHRTIM00013,HURTIMEX,HRT,8,1,Yes
,PLIBCPL00018,IBCPOLSKA,IBC,9,2,No
,PLICI0000010,IDH,IDH,8,1,Yes
,PLIDMSA00044,IDMSA,IDM,8,1,No
,PLIFN4L00018,DDISTANCE,DDI,9,2,No
,PLIGRTR00014,IGORIA,IGT,8,1,Yes
,PLIMAGS00013,OPTIGIS,OPI,8,1,Yes
,PLIMGPW00013,IMAGEPWR,IPW,8,1,Yes
,PLIMRGM00010,IMMGAMES,IMG,8,1,Yes
,PLINBOK00010,MEDICOBIO,MDB,9,2,No
,PLINCLT00015,INC,INC,9,2,Yes
,PLINCNA00011,INCANA,ICA,8,1,No
,PLINDOS00035,INDOS,INS,8,1,No
,PLINFRA00015,INFRA,IFA,9,2,No
,PLINFSC00019,GRUPAMZ,GMZ,10,3,No
,PLINNGN00015,INNOGENE,IGN,9,2,Yes
,PLINPRO00015,INPRO,INP,8,1,No
,PLINSAG00011,YELLOWBOS,YBS,9,2,No
,PLINSTC00010,GAMEDUST,GDC,8,1,Yes
,PLINSTK00013,INSTALKRK,INK,9,2,No
,PLINTBD00014,INTERBUD,ITB,8,1,No
,PLINTCS00010,INTERCARS,CAR,10,3,No
,PLINTGR00013,LESS,LES,9,2,Yes
,PLINTKS00013,CFI,CFI,8,1,Yes
,PLINTMS00019,IMS,IMS,9,2,No
,PLINTNT00015,INTERNITY,INT,8,1,Yes
,PLINTRL00013,INTROL,INL,9,2,No
,PLINTRW00028,EFENERGII,EFE,8,1,Yes
,PLINTSP00038,INTERSPPL,IPO,9,2,No
,PLINTUN00013,IU,IUS,8,1,No
,PLINVFM00012,FOTOVOLT,FVE,8,1,Yes
,PLINVNT00011,BRAS,BSA,9,2,Yes
,PLIPODS00014,MOVGAMVR,MVR,9,2,No
,PLIPOPM00011,IPOPEMA,IPE,9,2,No
,PLIPOSA00010,ELQ,ELQ,8,1,No
,PLIQPRT00017,RAEN,RAE,9,2,No
,PLIVSTK00016,INVESTEKO,IVE,8,1,Yes
,PLIZBLK00010,IZOBLOK,IZB,8,1,Yes
,PLIZCJR00017,IZOLACJA,IZO,9,2,No
,PLIZSTL00015,IZOSTAL,IZS,9,2,No
,PLJJBEE00028,JUJUBEE,JJB,9,2,No
,PLJRINV00013,JRHOLDING,JRH,9,2,No
,PLJRSDB00015,FINTECH,FTH,8,1,No
,PLJSW0000015,JSW,JSW,12,5,No
,PLJWASA00013,ONE2TRIBE,O2T,8,1,Yes
,PLJWWNT00018,JWWINVEST,JWW,8,1,No
,PLK2ITR00010,K2HOLDING,K2H,9,2,No
,PLKAREN00014,CCENERGY,CCE,8,1,Yes
,PLKBJ0000016,KBJ,KBJ,9,2,No
,PLKBT0000015,KUBOTA,KUB,9,2,No
,PLKETY000011,KETY,KTY,11,4,Yes
,PLKGHM000017,KGHM,KGH,12,5,No
,PLKGNRC00015,KOGENERA,KGN,9,2,No
,PLKKHRB00011,TRUEGS,TGS,9,2,Yes
,PLKL2PL00014,KOOL2PLAY,K2P,8,1,Yes
,PLKLBTR00014,KLABATER,KBT,9,2,No
,PLKLNR000017,RAWLPLUG,RWL,9,2,No
,PLKLON000010,KLON,KLN,8,1,No
,PLKLSTN00017,MIRACULUM,MIR,8,1,Yes
,PLKMPTR00012,KOMPUTRON,KOM,9,2,No
,PLKNOPL00014,KINOPOL,KPL,9,2,No
,PLKOMPP00017,KOMPAP,KMP,8,1,No
,PLKOPEX00018,PRIMETECH,PTH,8,1,No
,PLKPPD000017,KPPD,KPD,9,2,No
,PLKPWEC00015,KANCELWEC,KPI,8,1,No
,PLKRBNK00019,KORBANK,KOR,8,1,No
,PLKRINK00014,KREDYTIN,KRI,8,1,No
,PLKRK0000010,KRUK,KRU,11,4,No
,PLKRKCH00019,KRAKCHEM,KCH,8,1,No
,PLKRKGL00012,KGL,KGL,9,2,No
,PLKRVTM00010,KRVITAMIN,KVT,9,2,Yes
,PLKUPIC00010,KUPIEC,KPC,9,2,No
,PLLBPRT00013,LABOPRINT,LAB,8,1,No
,PLLBT0000013,LIBET,LBT,8,1,No
,PLLCCRP00017,DEVELIA,DVL,10,3,No
,PLLENAL00015,LENA,LEN,9,2,No
,PLLENTX00010,LENTEX,LTX,9,2,No
,PLLGIMI00029,LEGIMI,LEG,8,1,Yes
,PLLGNTD00017,LGTRADE,LGT,8,1,No
,PLLKMDW00049,LOKUM,LKD,8,1,Yes
,PLLNTRG00017,LTGAMES,LTM,9,2,Yes
,PLLPP0000011,LPP,LPP,11,4,No
,PLLRPSP00015,LAURENPES,LPS,9,2,Yes
,PLLSNRN00015,HAMBURGER,MRH,8,1,No
,PLLSRMD00018,ONEMORE,OML,9,2,Yes
,PLLSSFT00016,LSISOFT,LSI,9,2,No
,PLLSTIA00018,INDYGO,IDG,8,1,No
,PLLUBAW00013,LUBAWA,LBW,11,4,Yes
,PLLUG0000010,LUG,LUG,8,1,No
,PLLVMGM00016,LMGAMES,LMG,9,2,No
,PLLVTSF00010,LIVECHAT,LVC,10,3,No
,PLLWBGD00016,BOGDANKA,LWB,11,4,No
,PLLZPSK00019,PROTEKTOR,PRT,10,3,Yes
,PLM4B0000017,M4B,M4B,8,1,No
,PLMADKM00019,MADKOM,MAD,8,1,Yes
,PLMAKRM00019,IMMOBILE,GKI,9,2,No
,PLMARKA00014,MARKA,MRK,8,1,No
,PLMAXMS00010,MAXIMUS,MAX,8,1,No
,PLMBFCR00018,MBFGROUP,MBF,9,2,No
,PLMBION00016,MABION,MAB,11,4,Yes
,PLMBLPR00018,HORNIGOLD,HRL,8,1,Yes
,PLMCIMG00012,MCI,MCI,9,2,No
,PLMDCLG00015,MEDICALG,MDG,10,3,No
,PLMDIUS00018,KME,KME,8,1,No
,PLMDNCE00016,MEDINICE,ICE,9,2,Yes
,PLMDNPL00013,MYCODERN,MCD,8,1,No
,PLMDVLP00016,MFOOD,MFD,8,1,Yes
,PLMERA000019,MERA,MER,8,1,No
,PLMEXPL00010,MEXPOLSKA,MEX,9,2,No
,PLMFO0000013,MFO,MFO,9,2,No
,PLMGPLS00015,MEGAPIXEL,MPS,8,1,Yes
,PLMGRON00016,MEGARON,MEG,8,1,No
,PLMIDVN00017,AALLIANCE,AAS,8,1,No
,PLMKLAB00023,MAKOLAB,MLB,8,1,No
,PLMKRNP00015,MAKARONPL,MAK,9,2,No
,PLMLKPL00012,MILKPOL,MLP,8,1,No
,PLMLPGR00017,MLPGROUP,MLG,9,2,No
,PLMLSTM00015,MLSYSTEM,MLS,10,3,Yes
,PLMLTNE00013,MILTON,MTN,8,1,Yes
,PLMMCNF00014,MMCPL,MMC,8,1,No
,PLMNLIT00014,MOONLIT,MLT,9,2,Yes
,PLMNNCP00011,MENNICA,MNC,9,2,No
,PLMNRLM00010,MINERAL,MND,8,1,No
,PLMNRTR00012,MONNARI,MON,9,2,Yes
,PLMNTHL00016,AFHOL,AFH,8,1,Yes
,PLMOBRK00013,MOBRUK,MBR,10,3,No
,PLMODE000019,SYGNIS,SYG,9,2,No
,PLMOJ0000015,MOJ,MOJ,8,1,Yes
,PLMPAY000017,MPAY,MPY,10,3,No
,PLMPLVR00016,MPLVERBUM,VER,8,1,No
,PLMRBUD00015,MIRBUD,MRB,10,3,No
,PLMRCOR00016,MERCOR,MCR,9,2,No
,PLMRCTR00015,MERCATOR,MRC,11,4,Yes
,PLMRTIN00011,MERIT,MEI,8,1,Yes
,PLMRVDV00011,MARVIPOL,MVP,9,2,No
,PLMRVPL00016,BAHOLDING,BAH,10,3,No
,PLMSMDC00018,MSM,MSM,8,1,No
,PLMSTPL00018,MOSTALPLC,MSP,9,2,No
,PLMSTSD00019,POLIMEXMS,PXM,10,3,Yes
,PLMSTWS00019,MOSTALWAR,MSW,9,2,No
,PLMSTZB00018,MOSTALZAB,MSZ,10,3,No
,PLMUZA000019,MUZA,MZA,8,1,No
,PLMVGMS00011,MOVIEGAMES,MOV,10,3,No
,PLMWTNS00010,SYNERGA,SNG,9,2,Yes
,PLMWTRD00013,MWTRADE,MWT,8,1,Yes
,PLMXCMS00016,MAXCOM,MXC,9,2,No
,PLMXPZZ00015,MAXIPIZZA,MXP,8,1,No
,PLNCTLC00018,NOCTILUCA,NCL,10,3,No
,PLNEPTS00011,NEPTIS,YAN,8,1,No
,PLNETWS00017,NETWISE,NTW,8,1,No
,PLNEWAG00012,NEWAG,NWG,9,2,No
,PLNFI0400015,SOHODEV,SHD,9,2,Yes
,PLNFI0500012,NOVAVISGR,NVG,9,2,No
,PLNFI0600010,06MAGNA,06N,9,2,Yes
,PLNFI0700018,IMPERIO,IMP,8,1,Yes
,PLNFI0800016,08OCTAVA,08N,8,1,No
,PLNFI1000012,MDIENERGIA,MDI,9,2,No
,PLNFI1200018,BBIDEV,BBD,9,2,No
,PLNNGRP00011,NANOGROUP,NNG,9,2,Yes
,PLNSTMD00010,NESTMEDIC,NST,8,1,No
,PLNTRSW00019,NOTORIA,NTS,8,1,No
,PLNTSYS00013,NTTSYSTEM,NTT,9,2,No
,PLNVITA00018,NOVITA,NVT,8,1,Yes
,PLNVVIS00016,VOOLT,VLT,9,2,No
,PLNWAI000017,NWAI,NWA,8,1,No
,PLNWCFR00012,NFPL,NFP,8,1,No
,PLNXTBK00018,NEXTBIKE,NXB,8,1,No
,PLODLPL00013,ODLEWNIE,ODL,8,1,Yes
,PLODRTS00017,OTLOG,OTS,9,2,No
,PLOLMP000016,OLYMP,OLY,10,3,Yes
,PLONCTH00011,MOLECURE,MOC,10,3,No
,PLONCTR00028,ONICO,ONC,8,1,No
,PLONDE000018,ONDE,OND,10,3,No
,PLONESL00011,1SOLUTION,ONE,10,3,No
,PLONLIN00013,ANALIZY,AOL,8,1,No
,PLOPNPL00013,OPONEO.PL,OPN,9,2,No
,PLOPTEM00012,OPTEAM,OPM,9,2,Yes
,PLOPTTC00011,CDPROJEKT,CDR,12,5,Yes
,PLORGNK00010,ORGANIC,ORG,8,1,No
,PLORZBL00013,ORZBIALY,OBL,8,1,Yes
,PLORZL000019,ORZLOPONY,ORL,8,1,No
,PLOUTDR00013,OUTDOORZY,OUT,9,2,No
,PLOVIDW00014,OVIDWORKS,OVI,9,2,No
,PLPANVA00013,PANOVA,NVA,8,1,No
,PLPBG0000029,PBG,PBG,9,2,No
,PLPBLIA00012,ERATONRG,ERA,9,2,No
,PLPCCEX00010,PCCEXOL,PCX,10,3,No
,PLPCCRK00076,PCCROKITA,PCR,10,3,No
,PLPCFGR00010,PCFGROUP,PCF,10,3,No
,PLPEKAO00016,PEKAO,PEO,12,5,No
,PLPEKPL00010,PMPG,PGM,8,1,No
,PLPEPES00018,PEPEES,PPS,8,1,No
,PLPGER000010,PGE,PGE,12,5,No
,PLPHN0000014,PHN,PHN,9,2,No
,PLPHRMN00011,PHARMENA,PHR,9,2,No
,PLPIK0000018,ADATEX,ADX,8,1,No
,PLPILAB00012,DATAWALK,DAT,10,3,Yes
,PLPKBEX00072,PEKABEX,PBX,9,2,No
,PLPKN0000018,PKNORLEN,PKN,13,6,Yes
,PLPKO0000016,PKOBP,PKO,12,5,No
,PLPKPCR00011,PKPCARGO,PKP,10,3,Yes
,PLPLAYW00015,PLAYWAY,PLW,10,3,No
,PLPLCHL00019,P2CHILL,P2C,9,2,Yes
,PLPLNTR00018,NOOBZ,NOB,9,2,No
,PLPLNTW00018,PLANTWEAR,PNW,8,1,Yes
,PLPLPGR00010,IBSM,IBS,9,2,Yes
,PLPLSEP00013,PEP,PEP,10,3,No
,PLPLSMS00010,PLASMA,PSM,8,1,No
,PLPLTRG00038,POLTREG,PTG,9,2,No
,PLPLTRN00018,POLTRONIC,PTN,8,1,Yes
,PLPMPOL00031,PAMAPOL,PMP,10,3,Yes
,PLPNCHP00016,PUNCHPUNK,PPG,8,1,Yes
,PLPNTPK00014,POINTPACK,PNT,9,2,No
,PLPOLMN00010,POLMAN,PLM,9,2,No
,PLPOLSL00011,POLYSLASH,PSH,9,2,No
,PLPOLWX00026,POLWAX,PWX,9,2,No
,PLPOMST00012,APS,APS,8,1,No
,PLPONAR00012,KCI,KCI,9,2,No
,PLPPWK000014,LARK,LRK,8,1,No
,PLPRBLG00010,PURE,PUR,10,3,No
,PLPRCHM00014,PROCHEM,PRM,8,1,No
,PLPRESC00018,YOLO,YOL,10,3,Yes
,PLPRFBT00015,PREFABET,PBB,8,1,No
,PLPRGNK00017,PRAGMAINK,PRI,8,1,Yes
,PLPRIPK00018,EKOPARK,EPR,8,1,Yes
,PLPRKLS00016,PLANETB2B,P2B,9,2,No
,PLPRMBG00018,PBGAMES,PBT,9,2,No
,PLPRMGM00015,PYRAMID,PDG,9,2,No
,PLPRMMD00012,PRIMAMODA,PMA,9,2,Yes
,PLPRMUS00013,PRYMUS,PRS,8,1,No
,PLPRNRH00010,PARTNER,PRN,9,2,No
,PLPRNTC00017,REGNON,REG,8,1,No
,PLPROJP00018,PJPMAKRUM,PJP,8,1,No
,PLPROLG00013,XBSPROLOG,XBS,8,1,No
,PLPRS2400012,PRESENT24,P24,8,1,Yes
,PLPRSGD00011,PROGIELDA,PGI,13,6,No
,PLPSSUS00018,PASSUS,PAS,8,1,Yes
,PLPTGMG00013,PLATIGE,PLI,9,2,No
,PLPTLTG00018,TELGAM,TLG,8,1,Yes
,PLPTNTS00019,PATENTUS,PAT,9,2,No
,PLPTWP000015,PTWP,PTW,8,1,No
,PLPWRMD00011,IFIRMA,IFI,9,2,No
,PLPYLON00015,JRCGROUP,JRC,8,1,Yes
,PLPZBDT00013,COMPREMUM,CPR,9,2,Yes
,PLPZU0000011,PZU,PZU,12,5,No
,PLQBCGM00018,QUBICGMS,QUB,9,2,No
,PLQNTUM00018,QUANTUM,QNT,8,1,No
,PLQRCUS00012,QUERCUS,QRS,9,2,No
,PLQRTCN00015,QUARTICON,QON,8,1,Yes
,PLQRTDV00016,QUART,QRT,8,1,No
,PLR220000018,R22,R22,9,2,Yes
,PLRADGN00014,READGENE,RDG,8,1,Yes
,PLRAFAK00018,RAFAKO,RFK,10,3,No
,PLRAJDY00015,PLGROUP,PLG,8,1,Yes
,PLRBSNE00015,ROBINSON,RBS,8,1,Yes
,PLRCHZW00012,RUCHCHORZ,RCW,8,1,No
,PLRCKL000010,GRUPAREC,GRC,8,1,No
,PLRCMGR00012,REDCARPET,RCM,8,1,No
,PLRDDVS00016,REDDEV,RDS,9,2,No
,PLREDAN00019,REDAN,RDN,8,1,Yes
,PLRELPL00014,RELPOL,RLP,9,2,No
,PLREMAK00016,REMAK,RMK,9,2,No
,PLREMDS00021,REMEDIS,REM,8,1,No
,PLRFMET00016,RAFAMET,RAF,8,1,No
,PLRKLMF00010,SPARKVC,SPK,8,1,No
,PLRNBWT00031,RAINBOW,RBW,9,2,Yes
,PLRNDCB00011,RENDER,RND,8,1,Yes
,PLRNKPR00014,RANKPROGR,RNK,9,2,No
,PLROCCA00013,ROCCA,RCA,8,1,No
,PLROPCE00017,ROPCZYCE,RPC,9,2,No
,PLRSYSA00014,SUNDRAGON,SDG,10,3,Yes
,PLRVITA00019,ROVITA,ROV,8,1,No
,PLS4E0000015,S4E,S4E,8,1,No
,PLSAKAN00010,SAKANA,SKN,8,1,No
,PLSANWL00012,SANWIL,SNW,9,2,No
,PLSAP0000018,LUKARDI,LUK,8,1,No
,PLSARE000013,DIGITREE,DTR,8,1,No
,PLSCPFL00018,SCPFL,SCP,9,2,Yes
,PLSDSOP00013,SDSOPTIC,SDS,9,2,No
,PLSEKO000014,SEKO,SEK,8,1,No
,PLSELNA00010,SELENAFM,SEL,9,2,No
,PLSELVT00013,RYVU,RVU,10,3,No
,PLSESCM00013,SESCOM,SES,8,1,Yes
,PLSFD0000013,SFD,SFD,9,2,No
,PLSFKPL00011,SFKPOLKAP,SFK,8,1,No
,PLSFLND00011,VRFACTORY,VRF,9,2,Yes
,PLSFNKS00011,SFINKS,SFS,9,2,No
,PLSFRNT00014,SFERANET,SFN,8,1,No
,PLSFTBL00012,SOFTBLUE,SBE,9,2,Yes
,PLSHPR000021,SHOPER,SHO,9,2,Yes
,PLSITE000013,NGGAMES,NGG,9,2,No
,PLSKLNW00011,SKYLINE,SKL,8,1,Yes
,PLSKNWL00011,SWALLET,SWT,9,2,No
,PLSKRBH00014,SKARBIEC,SKH,9,2,No
,PLSKTAN00010,ONESANO,ONO,9,2,Yes
,PLSLKAM00019,BERGHOLDI,BRH,9,2,No
,PLSLRCP00021,SOLAR,SOL,8,1,Yes
,PLSLVCR00029,SELVITA,SLV,10,3,No
,PLSMFBC00016,SIMFABRIC,SIM,10,3,Yes
,PLSMLNG00010,SUMMALING,SUL,8,1,No
,PLSMOKS00015,OXYGEN,OXY,8,1,No
,PLSMSKH00019,FEMTECH,FEM,8,1,Yes
,PLSMTRC00013,SIMTERACT,SMT,8,1,No
,PLSNK0000012,SONKA,SOK,9,2,No
,PLSNKTK00019,SYNEKTIK,SNT,9,2,Yes
,PLSNTCH00012,SUNTECH,SUN,9,2,No
,PLSNTFG00017,AIGAMES,ALG,9,2,No
,PLSNZKA00033,SNIEZKA,SKA,9,2,No
,PLSOFTB00016,ASSECOPOL,ACP,11,4,No
,PLSONEL00011,SONEL,SON,9,2,No
,PLSPRSF00011,SPYROSOFT,SPR,9,2,No
,PLSTCKI00016,NTVSA,NTV,8,1,Yes
,PLSTCLS00013,STEMCELLS,SCS,8,1,No
,PLSTIGR00012,COLUMBUS,CLC,10,3,No
,PLSTLEX00019,STALEXP,STX,9,2,Yes
,PLSTLNR00012,STILO,STI,8,1,Yes
,PLSTLPD00017,STALPROD,STP,10,3,No
,PLSTLPF00012,STALPROFI,STF,10,3,No
,PLSTLSK00016,SANOK,SNK,9,2,Yes
,PLSTNDR00019,STANDREW,STD,9,2,Yes
,PLSTPRK00019,STAPORKOW,ZUK,9,2,No
,PLSTRGM00014,CENTURION,CTF,8,1,No
,PLSTRWI00019,STARWARD,STA,9,2,No
,PLSTSHL00012,STSHOLDING,STH,10,3,Yes
,PLSUNEX00013,SUNEX,SNX,10,3,Yes
,PLSUWAR00014,SUWARY,SUW,8,1,No
,PLSVNET00019,SEVENET,SEV,8,1,Yes
,PLSZAR000018,SZAR,SZR,8,1,Yes
,PLTABLO00012,SOLARINOV,SIN,9,2,Yes
,PLTALEX00017,TALEX,TLX,8,1,No
,PLTAMEX00015,TAMEX,TOS,8,1,Yes
,PLTAURN00011,TAURONPE,TPE,12,5,No
,PLTAXNT00011,TAXNET,TXN,8,1,Yes
,PLTBULL00024,TBULL,TBL,9,2,No
,PLTCHPR00019,MEDCAMP,MDP,9,2,Yes
,PLTELL000023,OEX,OEX,9,2,No
,PLTELST00017,TELESTO,TLO,9,2,Yes
,PLTHDST00017,THEDUST,THD,9,2,No
,PLTHP0000011,FMG,FMG,8,1,No
,PLTIM0000016,TIM,TIM,10,3,No
,PLTLCMD00018,FOOTHILLS,FTL,8,1,No
,PLTLKPL00017,ORANGEPL,OPL,12,5,No
,PLTLMDC00018,TELEMEDPL,TMP,8,1,No
,PLTLPKA00010,INTM,IMR,9,2,No
,PLTLSTD00019,TELESTR,TLS,8,1,No
,PLTLVPL00014,GHYDROGEN,GHY,9,2,Yes
,PLTNDRH00012,TENDERHUT,THG,8,1,Yes
,PLTORPL00016,TORPOL,TOR,10,3,No
,PLTOYA000011,TOYA,TOA,10,3,No
,PLTRCPS00016,7FIT,7FT,8,1,No
,PLTRCZN00016,TARCZYNSKI,TAR,9,2,Yes
,PLTRFRM00018,NEUCA,NEU,10,3,No
,PLTRGG000014,TRIGGO,TGG,9,2,No
,PLTRKPL00014,TRAKCJA,TRK,9,2,Yes
,PLTRMEX00019,TERMOEXP,TME,8,1,No
,PLTRMPR00017,TERMO2PWR,T2P,9,2,No
,PLTRMRX00011,TERMOREX,TRR,8,1,No
,PLTRNSP00013,TRANSPOL,TRN,8,1,Yes
,PLTRNSU00013,ALTA,AAT,8,1,Yes
,PLTSGS000019,TESGAS,TSG,9,2,No
,PLTSQGM00016,TSGAMES,TEN,11,4,No
,PLTWRNV00013,TOWERINVT,TOW,8,1,Yes
,PLTXM0000015,TXM,TXM,8,1,No
,PLUFGMS00017,UFGAMES,UFG,13,6,No
,PLULTGM00013,ULTGAMES,ULG,9,2,Yes
,PLUNBEP00015,UNIBEP,UNI,9,2,No
,PLUNMOT00013,UNIMOT,UNT,10,3,No
,PLUNMST00014,UNIMA,U2K,9,2,No
,PLUNTDL00018,UNILABGAM,UNL,8,1,Yes
,PLURTST00010,URTESTE,URT,8,1,Yes
,PLVBN0000015,COSMA,COS,8,1,Yes
,PLVCAOC00015,01CYBATON,01C,9,2,No
,PLVCTCM00019,VEE,VEE,9,2,No
,PLVENIT00010,MEDARD,MRD,8,1,No
,PLVGUAR00011,DEVORAN,DEV,9,2,Yes
,PLVIDIS00014,VIDIS,VDS,8,1,No
,PLVIGOS00015,VIGOPHOTN,VGO,9,2,No
,PLVKMTK00015,VAKOMTEK,VKT,8,1,No
,PLVNDEX00013,VINDEXUS,VIN,9,2,No
,PLVNTCP00019,METAVERSUM,MET,9,2,No
,PLVNTIN00011,UNFOLD,UNF,8,1,No
,PLVOTUM00016,VOTUM,VOT,10,3,No
,PLVOXEL00014,VOXEL,VOX,9,2,No
,PLVRBCM00015,VERBICOM,VRB,8,1,No
,PLVRCM000016,VERCOM,VRC,9,2,No
,PLVRTLV00019,VISION,VIV,8,1,No
,PLVSTLA00011,VRG,VRG,9,2,No
,PLVTLGD00010,VISTAL,VTL,10,3,No
,PLVTRON00010,VIATRON,VIA,8,1,No
,PLVVDGM00014,VIVID,VVD,9,2,No
,PLWAWEL00013,WAWEL,WWL,9,2,No
,PLWDKAN00016,WODKAN,WOD,8,1,No
,PLWDM0000029,REINO,RNC,8,1,No
,PLWDMCP00013,NEXITY,NXG,9,2,No
,PLWDPCK00017,WOODPCKR,WPR,9,2,No
,PLWELTN00012,WIELTON,WLT,10,3,No
,PLWKPRK00010,PIXELCROW,PIX,8,1,No
,PLWNDMB00010,AILLERON,ALL,9,2,No
,PLWOJAS00014,WOJAS,WOJ,9,2,No
,PLWREST00018,WESTREAL,WRE,8,1,Yes
,PLWRKSR00019,GIGROUP,GIG,9,2,Yes
,PLWRTHL00016,WERTHHOLZ,WHH,8,1,No
,PLWRTPL00027,WIRTUALNA,WPL,10,3,No
,PLWRWCK00013,SECOGROUP,SWG,8,1,No
,PLWRZCL00014,WIERZYCL,WRL,9,2,Yes
,PLWTCHN00030,WITTCHEN,WTN,9,2,No
,PLXPLUS00013,XPLUS,XPL,8,1,Yes
,PLXTPL000018,XTPL,XTP,9,2,No
,PLXTRDM00011,XTB,XTB,11,4,No
,PLYLWHT00012,MEDAPP,MDA,9,2,Yes
,PLYORIM00019,VARSAV,VAR,9,2,No
,PLZAMET00010,ZAMET,ZMT,9,2,No
,PLZAPUL00057,PULAWY,ZAP,9,2,No
,PLZATRM00012,GRUPAAZOTY,ATT,11,4,No
,PLZBMZC00019,ZREMB,ZRE,10,3,Yes
,PLZCPLC00036,POLICE,PCE,9,2,No
,PLZEPAK00012,ZEPAK,ZEP,10,3,No
,PLZPCOT00018,OTMUCHOW,OTM,8,1,Yes
,PLZRWZW00012,HERKULES,HRS,9,2,No
,PLZSTAL00012,PGFGROUP,PGV,9,2,No
,PLZTKMA00017,MANGATA,MGT,8,1,Yes
,PLZUE0000015,ZUE,ZUE,9,2,No
,PTJMT0AE0001,JERONIMO,JMT,13,6,No
,SE0001856519,REINHOLD,RHD,8,1,No
,SI0031102120,KRKA,KRK,9,2,No
,SK1120010287,TATRY,TMR,8,1,Yes
,US44853H1086,HUUUGE,HUG,10,3,Yes
,USU6005B1045,MILESTONE,MMD,8,1,No
,USU827061099,SILVAIR-REGS,SVRS,8,1,No
